map,method,name,seed,timestamp,run_id,status,mixer,learner,epsilon_start,epsilon_anneal_time,n_eval,first_step,last_step,final,best,last5,auc_0_10m,full_10m,never_won,nonfinite_tags,config_path,tb_path,win_1_3m,win_3_5m,win_5_7m,win_7_9m,win_9_10m
3s5z_vs_3s6z,audit_bm_td_3s5z_vs_3s6z,audit_bm_td_3s5z_vs_3s6z_s79,79,2026-10-02_20-10-05,1,RUNNING,dvd_takeover,dvd_audit_learner,0.75,500000,982,180,10048706,0.0,0.15625,0.0,0.0176549109375,True,False,,D:\回放\ablation_results\sacred\3s5z_vs_3s6z\audit_bm_td_3s5z_vs_3s6z_s79\1\config.json,D:\回放\ablation_results\tb_logs\audit_bm_td_3s5z_vs_3s6z_s79__2026-10-02_20-10-05,0.015612688390778545,0.02117650394994407,0.0469359296875,0.0039142890625,0.00031778125
3s5z_vs_3s6z,audit_bm_td_3s5z_vs_3s6z,audit_bm_td_3s5z_vs_3s6z_s80,80,2026-10-02_20-10-21,1,RUNNING,dvd_takeover,dvd_audit_learner,0.75,500000,990,183,10044312,0.875,1.0,0.8875,0.4939840504684443,True,False,,D:\回放\ablation_results\sacred\3s5z_vs_3s6z\audit_bm_td_3s5z_vs_3s6z_s80\1\config.json,D:\回放\ablation_results\tb_logs\audit_bm_td_3s5z_vs_3s6z_s80__2026-10-02_20-10-21,0.12768573501679373,0.3889524326987525,0.6928023944936622,0.8301850075258891,0.8586964589642473
3s5z_vs_3s6z,audit_bm_td_3s5z_vs_3s6z,audit_bm_td_3s5z_vs_3s6z_s81,81,2026-10-03_19-53-44,1,RUNNING,dvd_takeover,dvd_audit_learner,0.75,500000,989,208,10044752,0.9375,1.0,0.83125,0.5884498402793681,True,False,,D:\回放\ablation_results\sacred\3s5z_vs_3s6z\audit_bm_td_3s5z_vs_3s6z_s81\1\config.json,D:\回放\ablation_results\tb_logs\audit_bm_td_3s5z_vs_3s6z_s81__2026-10-03_19-53-44,0.19682290365715802,0.6731184174685916,0.8067743142953127,0.8310451323860775,0.8654991837438869
6h_vs_8z,audit_bm_td_6h_vs_8z,audit_bm_td_6h_vs_8z_s79,79,2026-10-03_19-55-08,1,RUNNING,dvd_takeover,dvd_audit_learner,0.75,500000,997,95,10041719,0.6875,0.9375,0.70625,0.6009752433561467,True,False,,D:\回放\ablation_results\sacred\6h_vs_8z\audit_bm_td_6h_vs_8z_s79\1\config.json,D:\回放\ablation_results\tb_logs\audit_bm_td_6h_vs_8z_s79__2026-10-03_19-55-08,0.505110849496964,0.6935435799958871,0.6896042455000746,0.7310937304520858,0.7558251880842891
6h_vs_8z,audit_bm_td_6h_vs_8z,audit_bm_td_6h_vs_8z_s80,80,2026-10-04_17-17-52,1,RUNNING,dvd_takeover,dvd_audit_learner,0.75,500000,997,95,10042341,0.75,1.0,0.81875,0.6256763185341816,True,False,,D:\回放\ablation_results\sacred\6h_vs_8z\audit_bm_td_6h_vs_8z_s80\1\config.json,D:\回放\ablation_results\tb_logs\audit_bm_td_6h_vs_8z_s80__2026-10-04_17-17-52,0.5071084552365902,0.6809558911021277,0.7511355743351295,0.7839626085545092,0.7960996713577981
3s5z_vs_3s6z,audit_router_aux_3s5z_vs_3s6z,audit_router_aux_3s5z_vs_3s6z_s79,79,2026-10-01_12-48-55,1,RUNNING,dvd_counterfactual_router,dvd_audit_learner,0.75,500000,989,180,10044533,0.9375,0.96875,0.775,0.4966092880249757,True,False,,D:\回放\ablation_results\sacred\3s5z_vs_3s6z\audit_router_aux_3s5z_vs_3s6z_s79\1\config.json,D:\回放\ablation_results\tb_logs\audit_router_aux_3s5z_vs_3s6z_s79__2026-10-01_12-48-55,0.03975495865201508,0.4597138044368115,0.7409793852866755,0.8234591373762107,0.8379624024963322
3s5z_vs_3s6z,audit_router_aux_3s5z_vs_3s6z,audit_router_aux_3s5z_vs_3s6z_s81,81,2026-10-03_19-54-57,1,RUNNING,dvd_counterfactual_router,dvd_audit_learner,0.75,500000,990,208,10045609,0.9375,0.96875,0.89375,0.5529583890294409,True,False,,D:\回放\ablation_results\sacred\3s5z_vs_3s6z\audit_router_aux_3s5z_vs_3s6z_s81\1\config.json,D:\回放\ablation_results\tb_logs\audit_router_aux_3s5z_vs_3s6z_s81__2026-10-03_19-54-57,0.09466371169870219,0.6300394609154528,0.796075983635845,0.8204313151630207,0.8449585099683677
3s5z_vs_3s6z,audit_router_both_3s5z_vs_3s6z,audit_router_both_3s5z_vs_3s6z_s79,79,2026-10-01_12-49-19,1,RUNNING,dvd_counterfactual_router,dvd_audit_learner,0.75,500000,990,180,10040784,0.96875,0.96875,0.8875,0.5209042163112562,True,False,,D:\回放\ablation_results\sacred\3s5z_vs_3s6z\audit_router_both_3s5z_vs_3s6z_s79\1\config.json,D:\回放\ablation_results\tb_logs\audit_router_both_3s5z_vs_3s6z_s79__2026-10-01_12-49-19,0.03433389375838824,0.5583594870669737,0.7807549817394663,0.8186948118906476,0.8241262360766104
3s5z_vs_3s6z,audit_router_both_3s5z_vs_3s6z,audit_router_both_3s5z_vs_3s6z_s80,80,2026-10-02_20-10-48,1,RUNNING,dvd_counterfactual_router,dvd_audit_learner,0.75,500000,989,183,10046839,0.75,0.96875,0.84375,0.5312979535913438,True,False,,D:\回放\ablation_results\sacred\3s5z_vs_3s6z\audit_router_both_3s5z_vs_3s6z_s80\1\config.json,D:\回放\ablation_results\tb_logs\audit_router_both_3s5z_vs_3s6z_s80__2026-10-02_20-10-48,0.19055014691040492,0.46778951787102735,0.7589330557676403,0.816871868364947,0.8260749063982632
3s5z_vs_3s6z,audit_router_both_3s5z_vs_3s6z,audit_router_both_3s5z_vs_3s6z_s81,81,2026-10-02_20-11-01,1,RUNNING,dvd_counterfactual_router,dvd_audit_learner,0.75,500000,988,208,10045793,0.15625,0.90625,0.25,0.3664980854412065,True,False,,D:\回放\ablation_results\sacred\3s5z_vs_3s6z\audit_router_both_3s5z_vs_3s6z_s81\1\config.json,D:\回放\ablation_results\tb_logs\audit_router_both_3s5z_vs_3s6z_s81__2026-10-02_20-11-01,0.1967511070309416,0.641928508519957,0.5349616298167413,0.34558832425142,0.22379427767394497
6h_vs_8z,audit_router_both_6h_vs_8z,audit_router_both_6h_vs_8z_s79,79,2026-10-03_19-55-52,1,RUNNING,dvd_counterfactual_router,dvd_audit_learner,0.75,500000,997,95,10041036,0.84375,0.96875,0.80625,0.6086265350231838,True,False,,D:\回放\ablation_results\sacred\6h_vs_8z\audit_router_both_6h_vs_8z_s79\1\config.json,D:\回放\ablation_results\tb_logs\audit_router_both_6h_vs_8z_s79__2026-10-03_19-55-52,0.4876288274507621,0.6980340159560928,0.6978844315050841,0.7702419690841902,0.7689751903645795
6h_vs_8z,audit_router_both_6h_vs_8z,audit_router_both_6h_vs_8z_s80,80,2026-10-04_17-18-09,1,RUNNING,dvd_counterfactual_router,dvd_audit_learner,0.75,500000,998,95,10040461,0.78125,0.9375,0.79375,0.37188287336593745,True,False,,D:\回放\ablation_results\sacred\6h_vs_8z\audit_router_both_6h_vs_8z_s80\1\config.json,D:\回放\ablation_results\tb_logs\audit_router_both_6h_vs_8z_s80__2026-10-04_17-18-09,0.0037720671189394317,0.2853668087797413,0.5365720507142921,0.6644213479383978,0.7385641845566335
3s5z_vs_3s6z,audit_router_both_mix005_5m_3s5z_vs_3s6z,audit_router_both_mix005_5m_3s5z_vs_3s6z_s79,79,2026-10-05_15-39-56,1,RUNNING,dvd_counterfactual_router,dvd_audit_learner,0.75,500000,500,180,5047329,0.375,0.59375,0.38125,,False,False,,D:\回放\ablation_results\sacred\3s5z_vs_3s6z\audit_router_both_mix005_5m_3s5z_vs_3s6z_s79\1\config.json,D:\回放\ablation_results\tb_logs\audit_router_both_mix005_5m_3s5z_vs_3s6z_s79__2026-10-05_15-39-56,0.14876930688040324,0.3657650663825433,,,
3s5z_vs_3s6z,audit_router_both_mix005_5m_3s5z_vs_3s6z,audit_router_both_mix005_5m_3s5z_vs_3s6z_s81,81,2026-10-05_15-40-22,1,RUNNING,dvd_counterfactual_router,dvd_audit_learner,0.75,500000,498,208,5040716,0.78125,0.90625,0.7625,,False,False,,D:\回放\ablation_results\sacred\3s5z_vs_3s6z\audit_router_both_mix005_5m_3s5z_vs_3s6z_s81\1\config.json,D:\回放\ablation_results\tb_logs\audit_router_both_mix005_5m_3s5z_vs_3s6z_s81__2026-10-05_15-40-22,0.11114906502961501,0.5628323325113798,,,
6h_vs_8z,audit_router_both_mix005_5m_6h_vs_8z,audit_router_both_mix005_5m_6h_vs_8z_s79,79,2026-10-05_15-40-45,1,RUNNING,dvd_counterfactual_router,dvd_audit_learner,0.75,500000,502,95,5048207,0.71875,0.90625,0.71875,,False,False,,D:\回放\ablation_results\sacred\6h_vs_8z\audit_router_both_mix005_5m_6h_vs_8z_s79\1\config.json,D:\回放\ablation_results\tb_logs\audit_router_both_mix005_5m_6h_vs_8z_s79__2026-10-05_15-40-45,0.4428013624662878,0.6903870274779692,,,
6h_vs_8z,audit_router_both_mix005_5m_6h_vs_8z,audit_router_both_mix005_5m_6h_vs_8z_s80,80,2026-10-05_15-41-05,1,RUNNING,dvd_counterfactual_router,dvd_audit_learner,0.75,500000,502,95,5047763,0.75,0.875,0.75,,False,False,,D:\回放\ablation_results\sacred\6h_vs_8z\audit_router_both_mix005_5m_6h_vs_8z_s80\1\config.json,D:\回放\ablation_results\tb_logs\audit_router_both_mix005_5m_6h_vs_8z_s80__2026-10-05_15-41-05,0.3431169693289046,0.6405565912894616,,,
3s5z_vs_3s6z,audit_router_both_nomix_3s5z_vs_3s6z,audit_router_both_nomix_3s5z_vs_3s6z_s81,81,2026-10-04_17-17-23,1,RUNNING,dvd_counterfactual_router,dvd_audit_learner,0.75,500000,989,208,10044752,0.9375,1.0,0.83125,0.5884498402793681,True,False,,D:\回放\ablation_results\sacred\3s5z_vs_3s6z\audit_router_both_nomix_3s5z_vs_3s6z_s81\1\config.json,D:\回放\ablation_results\tb_logs\audit_router_both_nomix_3s5z_vs_3s6z_s81__2026-10-04_17-17-23,0.19682290365715802,0.6731184174685916,0.8067743142953127,0.8310451323860775,0.8654991837438869
3s5z_vs_3s6z,audit_router_legacy_3s5z_vs_3s6z,audit_router_legacy_3s5z_vs_3s6z_s79,79,2026-10-01_12-46-54,1,RUNNING,dvd_counterfactual_router,dvd_audit_learner,0.75,500000,983,180,10050181,0.0,0.125,0.03125,0.016870417810322915,True,False,,D:\回放\ablation_results\sacred\3s5z_vs_3s6z\audit_router_legacy_3s5z_vs_3s6z_s79\1\config.json,D:\回放\ablation_results\tb_logs\audit_router_legacy_3s5z_vs_3s6z_s79__2026-10-01_12-46-54,0.007172731064158138,0.021790795500178886,0.028949126374821114,0.016658567803850527,0.016202636245528094
3s5z_vs_3s6z,audit_router_td_3s5z_vs_3s6z,audit_router_td_3s5z_vs_3s6z_s79,79,2026-10-01_12-48-37,1,RUNNING,dvd_counterfactual_router,dvd_audit_learner,0.75,500000,991,180,10046901,0.75,0.9375,0.74375,0.44785323452089054,True,False,,D:\回放\ablation_results\sacred\3s5z_vs_3s6z\audit_router_td_3s5z_vs_3s6z_s79\1\config.json,D:\回放\ablation_results\tb_logs\audit_router_td_3s5z_vs_3s6z_s79__2026-10-01_12-48-37,0.24499026608034488,0.429925228261329,0.5500509492402109,0.6430861576543008,0.7390960496320801
3s5z_vs_3s6z,audit_router_td_3s5z_vs_3s6z,audit_router_td_3s5z_vs_3s6z_s81,81,2026-10-04_17-17-10,1,RUNNING,dvd_counterfactual_router,dvd_audit_learner,0.75,500000,987,208,10050097,0.8125,0.96875,0.8375,0.4322472358724926,True,False,,D:\回放\ablation_results\sacred\3s5z_vs_3s6z\audit_router_td_3s5z_vs_3s6z_s81\1\config.json,D:\回放\ablation_results\tb_logs\audit_router_td_3s5z_vs_3s6z_s81__2026-10-04_17-17-10,0.11190637143942908,0.3563182502419604,0.5941855321267776,0.7194953461918329,0.7574031868499257
